{"cameraMode":{"drawMode":0,"name":"Shaded","section":"Shading Mode"},"sceneLighting":true,"audioPlay":false,"sceneViewState":{"showFog":true,"showMaterialUpdate":false,"showSkybox":true,"showFlares":true,"showImageEffects":true,"showParticleSystems":true},"in2DMode":false,"pivot":{"x":-5.3877458572387699,"y":3.0165114402770998,"z":4.345963478088379},"rotation":{"x":-0.014041214250028134,"y":-0.5707336068153381,"z":-0.00976162776350975,"w":0.8209578990936279},"size":6.848034858703613,"orthographic":false}