{"cameraMode":{"drawMode":0,"name":"Shaded","section":"Shading Mode"},"sceneLighting":false,"audioPlay":false,"sceneViewState":{"showFog":true,"showMaterialUpdate":false,"showSkybox":false,"showFlares":true,"showImageEffects":true,"showParticleSystems":true},"in2DMode":false,"pivot":{"x":-0.46399998664855959,"y":-0.0764397382736206,"z":-4.735017776489258},"rotation":{"x":-0.014041214250028134,"y":-0.5707336068153381,"z":-0.00976162776350975,"w":0.8209578990936279},"size":0.19522394239902497,"orthographic":false}