{"cameraMode":{"drawMode":0,"name":"Shaded","section":"Shading Mode"},"sceneLighting":false,"audioPlay":false,"sceneViewState":{"showFog":true,"showMaterialUpdate":false,"showSkybox":false,"showFlares":true,"showImageEffects":true,"showParticleSystems":true},"in2DMode":false,"pivot":{"x":2.8866782188415529,"y":0.12700000405311585,"z":-3.638000011444092},"rotation":{"x":0.19555777311325074,"y":-0.6458581686019898,"z":0.17624445259571076,"w":0.7166321873664856},"size":5.237121105194092,"orthographic":false}