{"cameraMode":{"drawMode":0,"name":"Shaded","section":"Shading Mode"},"sceneLighting":false,"audioPlay":false,"sceneViewState":{"showFog":true,"showMaterialUpdate":false,"showSkybox":false,"showFlares":true,"showImageEffects":true,"showParticleSystems":true},"in2DMode":false,"pivot":{"x":-0.2809999883174896,"y":0.12700000405311585,"z":-3.1019999980926515},"rotation":{"x":-0.014041214250028134,"y":-0.5707336068153381,"z":-0.00976162776350975,"w":0.8209578990936279},"size":0.24975520372390748,"orthographic":false}